departamento,clase_prestador,naturaleza,a_o,cantidad_de_prestadores
Amazonas,Instituciones - IPS,Privada,2017,12
Amazonas,Instituciones - IPS,Privada,2018,12
Amazonas,Instituciones - IPS,Privada,2019,12
Amazonas,Instituciones - IPS,Privada,2020,11
Amazonas,Instituciones - IPS,Pública,2017,2
Amazonas,Instituciones - IPS,Pública,2018,2
Amazonas,Instituciones - IPS,Pública,2019,2
Amazonas,Instituciones - IPS,Pública,2020,2
Amazonas,Objeto Social Diferente a la Prestación de Servicios de Salud,Privada,2017,3
Amazonas,Objeto Social Diferente a la Prestación de Servicios de Salud,Privada,2018,3
Amazonas,Objeto Social Diferente a la Prestación de Servicios de Salud,Privada,2019,2
Amazonas,Objeto Social Diferente a la Prestación de Servicios de Salud,Privada,2020,1
Amazonas,Objeto Social Diferente a la Prestación de Servicios de Salud,Pública,2017,1
Amazonas,Objeto Social Diferente a la Prestación de Servicios de Salud,Pública,2018,1
Amazonas,Objeto Social Diferente a la Prestación de Servicios de Salud,Pública,2019,1
Amazonas,Objeto Social Diferente a la Prestación de Servicios de Salud,Pública,2020,1
Amazonas,Profesional Independiente,Privada,2017,38
Amazonas,Profesional Independiente,Privada,2018,36
Amazonas,Profesional Independiente,Privada,2019,41
Amazonas,Profesional Independiente,Privada,2020,42
Antioquia,Instituciones - IPS,Mixta,2017,3
Antioquia,Instituciones - IPS,Mixta,2018,3
Antioquia,Instituciones - IPS,Mixta,2019,4
Antioquia,Instituciones - IPS,Mixta,2020,4
Antioquia,Instituciones - IPS,Privada,2017,812
Antioquia,Instituciones - IPS,Privada,2018,815
Antioquia,Instituciones - IPS,Privada,2019,827
Antioquia,Instituciones - IPS,Privada,2020,838
Antioquia,Instituciones - IPS,Pública,2017,126
Antioquia,Instituciones - IPS,Pública,2018,126
Antioquia,Instituciones - IPS,Pública,2019,125
Antioquia,Instituciones - IPS,Pública,2020,125
Antioquia,Objeto Social Diferente a la Prestación de Servicios de Salud,Mixta,2017,4
Antioquia,Objeto Social Diferente a la Prestación de Servicios de Salud,Mixta,2018,4
Antioquia,Objeto Social Diferente a la Prestación de Servicios de Salud,Mixta,2019,3
Antioquia,Objeto Social Diferente a la Prestación de Servicios de Salud,Mixta,2020,3
Antioquia,Objeto Social Diferente a la Prestación de Servicios de Salud,Privada,2017,302
Antioquia,Objeto Social Diferente a la Prestación de Servicios de Salud,Privada,2018,304
Antioquia,Objeto Social Diferente a la Prestación de Servicios de Salud,Privada,2019,311
Antioquia,Objeto Social Diferente a la Prestación de Servicios de Salud,Privada,2020,337
Antioquia,Objeto Social Diferente a la Prestación de Servicios de Salud,Pública,2017,10
Antioquia,Objeto Social Diferente a la Prestación de Servicios de Salud,Pública,2018,10
Antioquia,Objeto Social Diferente a la Prestación de Servicios de Salud,Pública,2019,10
Antioquia,Objeto Social Diferente a la Prestación de Servicios de Salud,Pública,2020,10
Antioquia,Profesional Independiente,Privada,2017,6732
Antioquia,Profesional Independiente,Privada,2018,7505
Antioquia,Profesional Independiente,Privada,2019,8138
Antioquia,Profesional Independiente,Privada,2020,8867
Antioquia,Transporte Especial de Pacientes,Privada,2017,30
Antioquia,Transporte Especial de Pacientes,Privada,2018,32
Antioquia,Transporte Especial de Pacientes,Privada,2019,31
Antioquia,Transporte Especial de Pacientes,Privada,2020,32
Arauca,Instituciones - IPS,Mixta,2017,1
Arauca,Instituciones - IPS,Mixta,2018,1
Arauca,Instituciones - IPS,Mixta,2019,1
Arauca,Instituciones - IPS,Mixta,2020,1
Arauca,Instituciones - IPS,Privada,2017,59
Arauca,Instituciones - IPS,Privada,2018,54
Arauca,Instituciones - IPS,Privada,2019,55
Arauca,Instituciones - IPS,Privada,2020,57
Arauca,Instituciones - IPS,Pública,2017,5
Arauca,Instituciones - IPS,Pública,2018,5
Arauca,Instituciones - IPS,Pública,2019,5
Arauca,Instituciones - IPS,Pública,2020,5
Boyacá,Profesional Independiente,Privada,2017,972
Arauca,Objeto Social Diferente a la Prestación de Servicios de Salud,Privada,2017,7
Arauca,Objeto Social Diferente a la Prestación de Servicios de Salud,Privada,2018,10
Arauca,Objeto Social Diferente a la Prestación de Servicios de Salud,Privada,2019,9
Arauca,Objeto Social Diferente a la Prestación de Servicios de Salud,Privada,2020,10
Arauca,Objeto Social Diferente a la Prestación de Servicios de Salud,Pública,2017,1
Arauca,Objeto Social Diferente a la Prestación de Servicios de Salud,Pública,2018,1
Arauca,Objeto Social Diferente a la Prestación de Servicios de Salud,Pública,2019,1
Arauca,Objeto Social Diferente a la Prestación de Servicios de Salud,Pública,2020,1
Arauca,Profesional Independiente,Privada,2017,135
Arauca,Profesional Independiente,Privada,2018,145
Arauca,Profesional Independiente,Privada,2019,158
Arauca,Profesional Independiente,Privada,2020,155
Arauca,Transporte Especial de Pacientes,Privada,2017,2
Arauca,Transporte Especial de Pacientes,Privada,2018,2
Arauca,Transporte Especial de Pacientes,Privada,2019,2
Arauca,Transporte Especial de Pacientes,Privada,2020,3
Atlántico,Instituciones - IPS,Mixta,2017,2
Atlántico,Instituciones - IPS,Mixta,2018,1
Atlántico,Instituciones - IPS,Mixta,2019,2
Atlántico,Instituciones - IPS,Mixta,2020,2
Atlántico,Instituciones - IPS,Privada,2017,764
Atlántico,Instituciones - IPS,Privada,2018,788
Atlántico,Instituciones - IPS,Privada,2019,805
Atlántico,Instituciones - IPS,Privada,2020,790
Atlántico,Instituciones - IPS,Pública,2017,27
Atlántico,Instituciones - IPS,Pública,2018,27
Atlántico,Instituciones - IPS,Pública,2019,27
Atlántico,Instituciones - IPS,Pública,2020,27
Atlántico,Objeto Social Diferente a la Prestación de Servicios de Salud,Privada,2017,21
Atlántico,Objeto Social Diferente a la Prestación de Servicios de Salud,Privada,2018,26
Atlántico,Objeto Social Diferente a la Prestación de Servicios de Salud,Privada,2019,23
Atlántico,Objeto Social Diferente a la Prestación de Servicios de Salud,Privada,2020,25
Atlántico,Objeto Social Diferente a la Prestación de Servicios de Salud,Pública,2017,2
Atlántico,Objeto Social Diferente a la Prestación de Servicios de Salud,Pública,2018,4
Atlántico,Objeto Social Diferente a la Prestación de Servicios de Salud,Pública,2019,3
Atlántico,Objeto Social Diferente a la Prestación de Servicios de Salud,Pública,2020,3
Atlántico,Profesional Independiente,Privada,2017,1281
Atlántico,Profesional Independiente,Privada,2018,1477
Atlántico,Profesional Independiente,Privada,2019,1631
Atlántico,Profesional Independiente,Privada,2020,1766
Atlántico,Transporte Especial de Pacientes,Privada,2017,14
Atlántico,Transporte Especial de Pacientes,Privada,2018,12
Atlántico,Transporte Especial de Pacientes,Privada,2019,13
Atlántico,Transporte Especial de Pacientes,Privada,2020,12
Atlántico,Transporte Especial de Pacientes,Pública,2019,1
Atlántico,Transporte Especial de Pacientes,Pública,2020,1
Bogotá D.C,Instituciones - IPS,Mixta,2017,2
Bogotá D.C,Instituciones - IPS,Mixta,2018,2
Bogotá D.C,Instituciones - IPS,Mixta,2019,1
Bogotá D.C,Instituciones - IPS,Mixta,2020,1
Bogotá D.C,Instituciones - IPS,Privada,2017,1599
Bogotá D.C,Instituciones - IPS,Privada,2018,1538
Bogotá D.C,Instituciones - IPS,Privada,2019,1498
Bogotá D.C,Instituciones - IPS,Privada,2020,1529
Bogotá D.C,Instituciones - IPS,Pública,2017,9
Bogotá D.C,Instituciones - IPS,Pública,2018,9
Bogotá D.C,Instituciones - IPS,Pública,2019,9
Bogotá D.C,Instituciones - IPS,Pública,2020,9
Bogotá D.C,Objeto Social Diferente a la Prestación de Servicios de Salud,Mixta,2017,2
Bogotá D.C,Objeto Social Diferente a la Prestación de Servicios de Salud,Mixta,2018,2
Bogotá D.C,Objeto Social Diferente a la Prestación de Servicios de Salud,Mixta,2019,3
Bogotá D.C,Objeto Social Diferente a la Prestación de Servicios de Salud,Mixta,2020,3
Bogotá D.C,Objeto Social Diferente a la Prestación de Servicios de Salud,Privada,2017,251
Bogotá D.C,Objeto Social Diferente a la Prestación de Servicios de Salud,Privada,2018,268
Bogotá D.C,Objeto Social Diferente a la Prestación de Servicios de Salud,Privada,2019,264
Bogotá D.C,Objeto Social Diferente a la Prestación de Servicios de Salud,Privada,2020,261
Bogotá D.C,Objeto Social Diferente a la Prestación de Servicios de Salud,Pública,2017,26
Bogotá D.C,Objeto Social Diferente a la Prestación de Servicios de Salud,Pública,2018,23
Bogotá D.C,Objeto Social Diferente a la Prestación de Servicios de Salud,Pública,2019,18
Bogotá D.C,Objeto Social Diferente a la Prestación de Servicios de Salud,Pública,2020,18
Bogotá D.C,Profesional Independiente,Privada,2017,10821
Bogotá D.C,Profesional Independiente,Privada,2018,11652
Bogotá D.C,Profesional Independiente,Privada,2019,12220
Bogotá D.C,Profesional Independiente,Privada,2020,12838
Bogotá D.C,Transporte Especial de Pacientes,Privada,2017,31
Bogotá D.C,Transporte Especial de Pacientes,Privada,2018,29
Bogotá D.C,Transporte Especial de Pacientes,Privada,2019,28
Bogotá D.C,Transporte Especial de Pacientes,Privada,2020,29
Bolívar,Instituciones - IPS,Privada,2017,475
Bolívar,Instituciones - IPS,Privada,2018,494
Bolívar,Instituciones - IPS,Privada,2019,508
Bolívar,Instituciones - IPS,Privada,2020,532
Bolívar,Instituciones - IPS,Pública,2017,43
Bolívar,Instituciones - IPS,Pública,2018,43
Bolívar,Instituciones - IPS,Pública,2019,43
Bolívar,Instituciones - IPS,Pública,2020,43
Bolívar,Objeto Social Diferente a la Prestación de Servicios de Salud,Mixta,2017,2
Bolívar,Objeto Social Diferente a la Prestación de Servicios de Salud,Mixta,2018,2
Bolívar,Objeto Social Diferente a la Prestación de Servicios de Salud,Mixta,2019,2
Bolívar,Objeto Social Diferente a la Prestación de Servicios de Salud,Mixta,2020,2
Bolívar,Objeto Social Diferente a la Prestación de Servicios de Salud,Privada,2017,49
Bolívar,Objeto Social Diferente a la Prestación de Servicios de Salud,Privada,2018,50
Bolívar,Objeto Social Diferente a la Prestación de Servicios de Salud,Privada,2019,44
Bolívar,Objeto Social Diferente a la Prestación de Servicios de Salud,Privada,2020,46
Bolívar,Objeto Social Diferente a la Prestación de Servicios de Salud,Pública,2017,4
Bolívar,Objeto Social Diferente a la Prestación de Servicios de Salud,Pública,2018,4
Bolívar,Objeto Social Diferente a la Prestación de Servicios de Salud,Pública,2019,5
Bolívar,Objeto Social Diferente a la Prestación de Servicios de Salud,Pública,2020,5
Bolívar,Profesional Independiente,Privada,2017,958
Bolívar,Profesional Independiente,Privada,2018,1007
Bolívar,Profesional Independiente,Privada,2019,1051
Bolívar,Profesional Independiente,Privada,2020,1124
Bolívar,Transporte Especial de Pacientes,Privada,2017,14
Bolívar,Transporte Especial de Pacientes,Privada,2018,12
Bolívar,Transporte Especial de Pacientes,Privada,2019,11
Bolívar,Transporte Especial de Pacientes,Privada,2020,11
Boyacá,Instituciones - IPS,Privada,2017,239
Boyacá,Instituciones - IPS,Privada,2018,245
Boyacá,Instituciones - IPS,Privada,2019,241
Boyacá,Instituciones - IPS,Privada,2020,253
Boyacá,Instituciones - IPS,Pública,2017,105
Boyacá,Instituciones - IPS,Pública,2018,105
Boyacá,Instituciones - IPS,Pública,2019,105
Boyacá,Instituciones - IPS,Pública,2020,105
Boyacá,Objeto Social Diferente a la Prestación de Servicios de Salud,Mixta,2017,1
Boyacá,Objeto Social Diferente a la Prestación de Servicios de Salud,Mixta,2018,1
Boyacá,Objeto Social Diferente a la Prestación de Servicios de Salud,Privada,2017,46
Boyacá,Objeto Social Diferente a la Prestación de Servicios de Salud,Privada,2018,48
Boyacá,Objeto Social Diferente a la Prestación de Servicios de Salud,Privada,2019,42
Boyacá,Objeto Social Diferente a la Prestación de Servicios de Salud,Privada,2020,43
Boyacá,Objeto Social Diferente a la Prestación de Servicios de Salud,Pública,2017,3
Boyacá,Objeto Social Diferente a la Prestación de Servicios de Salud,Pública,2018,2
Boyacá,Objeto Social Diferente a la Prestación de Servicios de Salud,Pública,2019,2
Boyacá,Objeto Social Diferente a la Prestación de Servicios de Salud,Pública,2020,2
Boyacá,Profesional Independiente,Privada,2018,1025
Boyacá,Profesional Independiente,Privada,2019,1099
Boyacá,Profesional Independiente,Privada,2020,1177
Boyacá,Transporte Especial de Pacientes,Privada,2017,7
Boyacá,Transporte Especial de Pacientes,Privada,2018,11
Boyacá,Transporte Especial de Pacientes,Privada,2019,9
Boyacá,Transporte Especial de Pacientes,Privada,2020,9
Caldas,Instituciones - IPS,Mixta,2017,1
Caldas,Instituciones - IPS,Mixta,2018,1
Caldas,Instituciones - IPS,Mixta,2019,1
Caldas,Instituciones - IPS,Mixta,2020,1
Caldas,Instituciones - IPS,Privada,2017,174
Caldas,Instituciones - IPS,Privada,2018,174
Caldas,Instituciones - IPS,Privada,2019,182
Caldas,Instituciones - IPS,Privada,2020,188
Caldas,Instituciones - IPS,Pública,2017,31
Caldas,Instituciones - IPS,Pública,2018,31
Caldas,Instituciones - IPS,Pública,2019,31
Caldas,Instituciones - IPS,Pública,2020,31
Caldas,Objeto Social Diferente a la Prestación de Servicios de Salud,Mixta,2017,1
Caldas,Objeto Social Diferente a la Prestación de Servicios de Salud,Mixta,2018,1
Caldas,Objeto Social Diferente a la Prestación de Servicios de Salud,Mixta,2019,1
Caldas,Objeto Social Diferente a la Prestación de Servicios de Salud,Mixta,2020,1
Caldas,Objeto Social Diferente a la Prestación de Servicios de Salud,Privada,2017,38
Caldas,Objeto Social Diferente a la Prestación de Servicios de Salud,Privada,2018,38
Caldas,Objeto Social Diferente a la Prestación de Servicios de Salud,Privada,2019,32
Caldas,Objeto Social Diferente a la Prestación de Servicios de Salud,Privada,2020,32
Caldas,Objeto Social Diferente a la Prestación de Servicios de Salud,Pública,2017,7
Caldas,Objeto Social Diferente a la Prestación de Servicios de Salud,Pública,2018,6
Caldas,Objeto Social Diferente a la Prestación de Servicios de Salud,Pública,2019,7
Caldas,Objeto Social Diferente a la Prestación de Servicios de Salud,Pública,2020,6
Caldas,Profesional Independiente,Privada,2017,929
Caldas,Profesional Independiente,Privada,2018,1041
Caldas,Profesional Independiente,Privada,2019,1080
Caldas,Profesional Independiente,Privada,2020,1147
Caldas,Transporte Especial de Pacientes,Privada,2017,11
Caldas,Transporte Especial de Pacientes,Privada,2018,10
Caldas,Transporte Especial de Pacientes,Privada,2019,10
Caldas,Transporte Especial de Pacientes,Privada,2020,14
Caquetá,Instituciones - IPS,Privada,2017,62
Caquetá,Instituciones - IPS,Privada,2018,64
Caquetá,Instituciones - IPS,Privada,2019,58
Caquetá,Instituciones - IPS,Privada,2020,60
Caquetá,Instituciones - IPS,Pública,2017,6
Caquetá,Instituciones - IPS,Pública,2018,6
Caquetá,Instituciones - IPS,Pública,2019,6
Caquetá,Instituciones - IPS,Pública,2020,6
Caquetá,Objeto Social Diferente a la Prestación de Servicios de Salud,Privada,2017,12
Caquetá,Objeto Social Diferente a la Prestación de Servicios de Salud,Privada,2018,11
Caquetá,Objeto Social Diferente a la Prestación de Servicios de Salud,Privada,2019,9
Caquetá,Objeto Social Diferente a la Prestación de Servicios de Salud,Privada,2020,9
Caquetá,Objeto Social Diferente a la Prestación de Servicios de Salud,Pública,2017,3
Caquetá,Objeto Social Diferente a la Prestación de Servicios de Salud,Pública,2018,2
Caquetá,Objeto Social Diferente a la Prestación de Servicios de Salud,Pública,2019,2
Caquetá,Objeto Social Diferente a la Prestación de Servicios de Salud,Pública,2020,2
Caquetá,Profesional Independiente,Privada,2017,150
Caquetá,Profesional Independiente,Privada,2018,161
Caquetá,Profesional Independiente,Privada,2019,173
Caquetá,Profesional Independiente,Privada,2020,171
Caquetá,Transporte Especial de Pacientes,Privada,2017,4
Caquetá,Transporte Especial de Pacientes,Privada,2018,5
Caquetá,Transporte Especial de Pacientes,Privada,2019,6
Caquetá,Transporte Especial de Pacientes,Privada,2020,8
Casanare,Instituciones - IPS,Mixta,2018,1
Casanare,Instituciones - IPS,Mixta,2019,1
Casanare,Instituciones - IPS,Mixta,2020,1
Casanare,Instituciones - IPS,Privada,2017,116
Casanare,Instituciones - IPS,Privada,2018,116
Casanare,Instituciones - IPS,Privada,2019,112
Casanare,Instituciones - IPS,Privada,2020,119
Casanare,Instituciones - IPS,Pública,2017,6
Casanare,Instituciones - IPS,Pública,2018,6
Casanare,Instituciones - IPS,Pública,2019,6
Casanare,Instituciones - IPS,Pública,2020,6
Casanare,Objeto Social Diferente a la Prestación de Servicios de Salud,Privada,2017,9
Casanare,Objeto Social Diferente a la Prestación de Servicios de Salud,Privada,2018,12
Casanare,Objeto Social Diferente a la Prestación de Servicios de Salud,Privada,2019,12
Casanare,Objeto Social Diferente a la Prestación de Servicios de Salud,Privada,2020,13
Casanare,Objeto Social Diferente a la Prestación de Servicios de Salud,Pública,2018,1
Casanare,Objeto Social Diferente a la Prestación de Servicios de Salud,Pública,2019,1
Casanare,Objeto Social Diferente a la Prestación de Servicios de Salud,Pública,2020,1
Casanare,Profesional Independiente,Privada,2017,256
Casanare,Profesional Independiente,Privada,2018,255
Casanare,Profesional Independiente,Privada,2019,264
Casanare,Profesional Independiente,Privada,2020,294
Casanare,Transporte Especial de Pacientes,Mixta,2017,1
Casanare,Transporte Especial de Pacientes,Mixta,2018,1
Casanare,Transporte Especial de Pacientes,Mixta,2019,1
Casanare,Transporte Especial de Pacientes,Mixta,2020,1
Casanare,Transporte Especial de Pacientes,Privada,2017,9
Casanare,Transporte Especial de Pacientes,Privada,2018,10
Casanare,Transporte Especial de Pacientes,Privada,2019,10
Casanare,Transporte Especial de Pacientes,Privada,2020,11
Cauca,Instituciones - IPS,Privada,2017,207
Cauca,Instituciones - IPS,Privada,2018,209
Cauca,Instituciones - IPS,Privada,2019,216
Cauca,Instituciones - IPS,Privada,2020,230
Cauca,Instituciones - IPS,Pública,2017,29
Cauca,Instituciones - IPS,Pública,2018,28
Cauca,Instituciones - IPS,Pública,2019,28
Cauca,Instituciones - IPS,Pública,2020,28
Cauca,Objeto Social Diferente a la Prestación de Servicios de Salud,Privada,2017,36
Cauca,Objeto Social Diferente a la Prestación de Servicios de Salud,Privada,2018,35
Cauca,Objeto Social Diferente a la Prestación de Servicios de Salud,Privada,2019,37
Cauca,Objeto Social Diferente a la Prestación de Servicios de Salud,Privada,2020,37
Cauca,Objeto Social Diferente a la Prestación de Servicios de Salud,Pública,2017,3
Cauca,Objeto Social Diferente a la Prestación de Servicios de Salud,Pública,2018,2
Cauca,Objeto Social Diferente a la Prestación de Servicios de Salud,Pública,2019,2
Cauca,Objeto Social Diferente a la Prestación de Servicios de Salud,Pública,2020,2
Cauca,Profesional Independiente,Privada,2017,496
Cauca,Profesional Independiente,Privada,2018,539
Cauca,Profesional Independiente,Privada,2019,582
Cauca,Profesional Independiente,Privada,2020,640
Cauca,Transporte Especial de Pacientes,Privada,2017,14
Cauca,Transporte Especial de Pacientes,Privada,2018,15
Cauca,Transporte Especial de Pacientes,Privada,2019,17
Cauca,Transporte Especial de Pacientes,Privada,2020,16
Cauca,Transporte Especial de Pacientes,Pública,2017,1
Cauca,Transporte Especial de Pacientes,Pública,2018,1
Cauca,Transporte Especial de Pacientes,Pública,2019,1
Cauca,Transporte Especial de Pacientes,Pública,2020,1
Cesar,Instituciones - IPS,Privada,2017,328
Cesar,Instituciones - IPS,Privada,2018,328
Cesar,Instituciones - IPS,Privada,2019,343
Cesar,Instituciones - IPS,Privada,2020,350
Cesar,Instituciones - IPS,Pública,2017,29
Cesar,Instituciones - IPS,Pública,2018,28
Cesar,Instituciones - IPS,Pública,2019,28
Cesar,Instituciones - IPS,Pública,2020,28
Cesar,Objeto Social Diferente a la Prestación de Servicios de Salud,Privada,2017,21
Cesar,Objeto Social Diferente a la Prestación de Servicios de Salud,Privada,2018,31
Cesar,Objeto Social Diferente a la Prestación de Servicios de Salud,Privada,2019,36
Cesar,Objeto Social Diferente a la Prestación de Servicios de Salud,Privada,2020,38
Cesar,Objeto Social Diferente a la Prestación de Servicios de Salud,Pública,2017,2
Cesar,Objeto Social Diferente a la Prestación de Servicios de Salud,Pública,2018,2
Cesar,Objeto Social Diferente a la Prestación de Servicios de Salud,Pública,2019,2
Cesar,Objeto Social Diferente a la Prestación de Servicios de Salud,Pública,2020,2
Cesar,Profesional Independiente,Privada,2017,404
Cesar,Profesional Independiente,Privada,2018,456
Cesar,Profesional Independiente,Privada,2019,429
Cesar,Profesional Independiente,Privada,2020,466
Cesar,Transporte Especial de Pacientes,Privada,2017,11
Cesar,Transporte Especial de Pacientes,Privada,2018,12
Cesar,Transporte Especial de Pacientes,Privada,2019,15
Cesar,Transporte Especial de Pacientes,Privada,2020,13
Cesar,Transporte Especial de Pacientes,Pública,2017,1
Cesar,Transporte Especial de Pacientes,Pública,2018,1
Cesar,Transporte Especial de Pacientes,Pública,2019,1
Cesar,Transporte Especial de Pacientes,Pública,2020,1
Chocó,Instituciones - IPS,Mixta,2017,1
Chocó,Instituciones - IPS,Mixta,2018,2
Chocó,Instituciones - IPS,Mixta,2019,2
Chocó,Instituciones - IPS,Mixta,2020,2
Chocó,Instituciones - IPS,Privada,2017,145
Chocó,Instituciones - IPS,Privada,2018,140
Chocó,Instituciones - IPS,Privada,2019,146
Chocó,Instituciones - IPS,Privada,2020,148
Chocó,Instituciones - IPS,Pública,2017,6
Chocó,Instituciones - IPS,Pública,2018,6
Chocó,Instituciones - IPS,Pública,2019,6
Chocó,Instituciones - IPS,Pública,2020,6
Chocó,Objeto Social Diferente a la Prestación de Servicios de Salud,Mixta,2017,1
Chocó,Objeto Social Diferente a la Prestación de Servicios de Salud,Mixta,2018,1
Chocó,Objeto Social Diferente a la Prestación de Servicios de Salud,Privada,2017,25
Chocó,Objeto Social Diferente a la Prestación de Servicios de Salud,Privada,2018,29
Chocó,Objeto Social Diferente a la Prestación de Servicios de Salud,Privada,2019,32
Chocó,Objeto Social Diferente a la Prestación de Servicios de Salud,Privada,2020,44
Chocó,Objeto Social Diferente a la Prestación de Servicios de Salud,Pública,2017,2
Chocó,Objeto Social Diferente a la Prestación de Servicios de Salud,Pública,2018,1
Chocó,Objeto Social Diferente a la Prestación de Servicios de Salud,Pública,2019,1
Chocó,Objeto Social Diferente a la Prestación de Servicios de Salud,Pública,2020,1
Chocó,Profesional Independiente,Privada,2017,57
Chocó,Profesional Independiente,Privada,2018,61
Chocó,Profesional Independiente,Privada,2019,65
Chocó,Profesional Independiente,Privada,2020,76
Chocó,Transporte Especial de Pacientes,Privada,2018,3
Chocó,Transporte Especial de Pacientes,Privada,2019,2
Chocó,Transporte Especial de Pacientes,Privada,2020,2
Córdoba,Instituciones - IPS,Privada,2017,377
Córdoba,Instituciones - IPS,Privada,2018,399
Córdoba,Instituciones - IPS,Privada,2019,392
Córdoba,Instituciones - IPS,Privada,2020,409
Córdoba,Instituciones - IPS,Pública,2017,32
Córdoba,Instituciones - IPS,Pública,2018,32
Córdoba,Instituciones - IPS,Pública,2019,32
Córdoba,Instituciones - IPS,Pública,2020,32
Córdoba,Objeto Social Diferente a la Prestación de Servicios de Salud,Privada,2017,21
Córdoba,Objeto Social Diferente a la Prestación de Servicios de Salud,Privada,2018,21
Córdoba,Objeto Social Diferente a la Prestación de Servicios de Salud,Privada,2019,24
Córdoba,Objeto Social Diferente a la Prestación de Servicios de Salud,Privada,2020,24
Córdoba,Objeto Social Diferente a la Prestación de Servicios de Salud,Pública,2017,2
Córdoba,Objeto Social Diferente a la Prestación de Servicios de Salud,Pública,2018,2
Córdoba,Objeto Social Diferente a la Prestación de Servicios de Salud,Pública,2019,2
Córdoba,Objeto Social Diferente a la Prestación de Servicios de Salud,Pública,2020,2
Córdoba,Profesional Independiente,Privada,2017,498
Córdoba,Profesional Independiente,Privada,2018,512
Córdoba,Profesional Independiente,Privada,2019,504
Córdoba,Profesional Independiente,Privada,2020,529
Córdoba,Transporte Especial de Pacientes,Privada,2017,6
Córdoba,Transporte Especial de Pacientes,Privada,2018,5
Córdoba,Transporte Especial de Pacientes,Privada,2019,5
Córdoba,Transporte Especial de Pacientes,Privada,2020,4
Cundinamarca,Instituciones - IPS,Mixta,2017,1
Cundinamarca,Instituciones - IPS,Mixta,2018,1
Cundinamarca,Instituciones - IPS,Privada,2017,288
Cundinamarca,Instituciones - IPS,Privada,2018,306
Cundinamarca,Instituciones - IPS,Privada,2019,335
Cundinamarca,Instituciones - IPS,Privada,2020,362
Cundinamarca,Instituciones - IPS,Pública,2017,53
Cundinamarca,Instituciones - IPS,Pública,2018,53
Cundinamarca,Instituciones - IPS,Pública,2019,53
Cundinamarca,Instituciones - IPS,Pública,2020,53
Cundinamarca,Objeto Social Diferente a la Prestación de Servicios de Salud,Mixta,2017,3
Cundinamarca,Objeto Social Diferente a la Prestación de Servicios de Salud,Mixta,2018,2
Cundinamarca,Objeto Social Diferente a la Prestación de Servicios de Salud,Mixta,2019,2
Cundinamarca,Objeto Social Diferente a la Prestación de Servicios de Salud,Mixta,2020,3
Cundinamarca,Objeto Social Diferente a la Prestación de Servicios de Salud,Privada,2017,118
Cundinamarca,Objeto Social Diferente a la Prestación de Servicios de Salud,Privada,2018,116
Cundinamarca,Objeto Social Diferente a la Prestación de Servicios de Salud,Privada,2019,111
Cundinamarca,Objeto Social Diferente a la Prestación de Servicios de Salud,Privada,2020,113
Cundinamarca,Objeto Social Diferente a la Prestación de Servicios de Salud,Pública,2017,3
Cundinamarca,Objeto Social Diferente a la Prestación de Servicios de Salud,Pública,2018,2
Cundinamarca,Objeto Social Diferente a la Prestación de Servicios de Salud,Pública,2019,2
Cundinamarca,Objeto Social Diferente a la Prestación de Servicios de Salud,Pública,2020,2
Cundinamarca,Profesional Independiente,Privada,2017,1430
Cundinamarca,Profesional Independiente,Privada,2018,1657
Cundinamarca,Profesional Independiente,Privada,2019,1767
Cundinamarca,Profesional Independiente,Privada,2020,1915
Cundinamarca,Transporte Especial de Pacientes,Privada,2017,15
Cundinamarca,Transporte Especial de Pacientes,Privada,2018,16
Cundinamarca,Transporte Especial de Pacientes,Privada,2019,15
Cundinamarca,Transporte Especial de Pacientes,Privada,2020,16
Guainía,Instituciones - IPS,Privada,2017,5
Guainía,Instituciones - IPS,Privada,2018,4
Guainía,Instituciones - IPS,Privada,2019,6
Guainía,Instituciones - IPS,Privada,2020,7
Guainía,Objeto Social Diferente a la Prestación de Servicios de Salud,Privada,2017,2
Guainía,Objeto Social Diferente a la Prestación de Servicios de Salud,Privada,2018,3
Guainía,Objeto Social Diferente a la Prestación de Servicios de Salud,Privada,2019,3
Guainía,Objeto Social Diferente a la Prestación de Servicios de Salud,Privada,2020,3
Guainía,Profesional Independiente,Privada,2017,3
Guainía,Profesional Independiente,Privada,2018,3
Guainía,Profesional Independiente,Privada,2019,3
Guainía,Profesional Independiente,Privada,2020,4
Guaviare,Instituciones - IPS,Privada,2017,12
Guaviare,Instituciones - IPS,Privada,2018,11
Guaviare,Instituciones - IPS,Privada,2019,13
Guaviare,Instituciones - IPS,Privada,2020,13
Guaviare,Instituciones - IPS,Pública,2017,2
Guaviare,Instituciones - IPS,Pública,2018,2
Guaviare,Instituciones - IPS,Pública,2019,2
Guaviare,Instituciones - IPS,Pública,2020,2
Guaviare,Objeto Social Diferente a la Prestación de Servicios de Salud,Mixta,2017,1
Guaviare,Objeto Social Diferente a la Prestación de Servicios de Salud,Privada,2017,5
Guaviare,Objeto Social Diferente a la Prestación de Servicios de Salud,Privada,2018,4
Guaviare,Objeto Social Diferente a la Prestación de Servicios de Salud,Privada,2019,3
Guaviare,Objeto Social Diferente a la Prestación de Servicios de Salud,Privada,2020,3
Guaviare,Profesional Independiente,Privada,2017,29
Guaviare,Profesional Independiente,Privada,2018,31
Guaviare,Profesional Independiente,Privada,2019,33
Guaviare,Profesional Independiente,Privada,2020,34
Guaviare,Transporte Especial de Pacientes,Privada,2017,1
Guaviare,Transporte Especial de Pacientes,Privada,2018,1
Guaviare,Transporte Especial de Pacientes,Privada,2019,1
Guaviare,Transporte Especial de Pacientes,Privada,2020,1
Huila,Instituciones - IPS,Privada,2017,186
Huila,Instituciones - IPS,Privada,2018,182
Huila,Instituciones - IPS,Privada,2019,184
Huila,Instituciones - IPS,Privada,2020,190
Huila,Instituciones - IPS,Pública,2017,41
Huila,Instituciones - IPS,Pública,2018,41
Huila,Instituciones - IPS,Pública,2019,41
Huila,Instituciones - IPS,Pública,2020,41
Huila,Objeto Social Diferente a la Prestación de Servicios de Salud,Mixta,2017,2
Huila,Objeto Social Diferente a la Prestación de Servicios de Salud,Mixta,2018,2
Huila,Objeto Social Diferente a la Prestación de Servicios de Salud,Mixta,2019,2
Huila,Objeto Social Diferente a la Prestación de Servicios de Salud,Mixta,2020,2
Huila,Objeto Social Diferente a la Prestación de Servicios de Salud,Privada,2017,28
Huila,Objeto Social Diferente a la Prestación de Servicios de Salud,Privada,2018,23
Huila,Objeto Social Diferente a la Prestación de Servicios de Salud,Privada,2019,26
Huila,Objeto Social Diferente a la Prestación de Servicios de Salud,Privada,2020,27
Huila,Profesional Independiente,Privada,2017,589
Huila,Profesional Independiente,Privada,2018,665
Huila,Profesional Independiente,Privada,2019,709
Huila,Profesional Independiente,Privada,2020,762
Huila,Transporte Especial de Pacientes,Privada,2017,12
Huila,Transporte Especial de Pacientes,Privada,2018,13
Huila,Transporte Especial de Pacientes,Privada,2019,14
Huila,Transporte Especial de Pacientes,Privada,2020,14
Huila,Transporte Especial de Pacientes,Pública,2017,1
Huila,Transporte Especial de Pacientes,Pública,2018,1
Huila,Transporte Especial de Pacientes,Pública,2019,1
Huila,Transporte Especial de Pacientes,Pública,2020,1
La Guajira,Instituciones - IPS,Privada,2017,123
La Guajira,Instituciones - IPS,Privada,2018,132
La Guajira,Instituciones - IPS,Privada,2019,147
La Guajira,Instituciones - IPS,Privada,2020,151
La Guajira,Instituciones - IPS,Pública,2017,45
La Guajira,Instituciones - IPS,Pública,2018,44
La Guajira,Instituciones - IPS,Pública,2019,44
La Guajira,Instituciones - IPS,Pública,2020,44
La Guajira,Objeto Social Diferente a la Prestación de Servicios de Salud,Mixta,2017,1
La Guajira,Objeto Social Diferente a la Prestación de Servicios de Salud,Mixta,2018,1
La Guajira,Objeto Social Diferente a la Prestación de Servicios de Salud,Mixta,2019,1
La Guajira,Objeto Social Diferente a la Prestación de Servicios de Salud,Mixta,2020,1
La Guajira,Objeto Social Diferente a la Prestación de Servicios de Salud,Privada,2017,9
La Guajira,Objeto Social Diferente a la Prestación de Servicios de Salud,Privada,2018,7
La Guajira,Objeto Social Diferente a la Prestación de Servicios de Salud,Privada,2019,12
La Guajira,Objeto Social Diferente a la Prestación de Servicios de Salud,Privada,2020,16
La Guajira,Objeto Social Diferente a la Prestación de Servicios de Salud,Pública,2017,2
La Guajira,Objeto Social Diferente a la Prestación de Servicios de Salud,Pública,2018,2
La Guajira,Objeto Social Diferente a la Prestación de Servicios de Salud,Pública,2019,2
La Guajira,Objeto Social Diferente a la Prestación de Servicios de Salud,Pública,2020,2
La Guajira,Profesional Independiente,Privada,2017,206
La Guajira,Profesional Independiente,Privada,2018,203
La Guajira,Profesional Independiente,Privada,2019,185
La Guajira,Profesional Independiente,Privada,2020,199
La Guajira,Transporte Especial de Pacientes,Privada,2017,4
La Guajira,Transporte Especial de Pacientes,Privada,2018,5
La Guajira,Transporte Especial de Pacientes,Privada,2019,6
La Guajira,Transporte Especial de Pacientes,Privada,2020,9
Magdalena,Instituciones - IPS,Privada,2017,325
Magdalena,Instituciones - IPS,Privada,2018,326
Magdalena,Instituciones - IPS,Privada,2019,321
Magdalena,Instituciones - IPS,Privada,2020,333
Magdalena,Instituciones - IPS,Pública,2017,36
Magdalena,Instituciones - IPS,Pública,2018,36
Magdalena,Instituciones - IPS,Pública,2019,36
Magdalena,Instituciones - IPS,Pública,2020,36
Magdalena,Objeto Social Diferente a la Prestación de Servicios de Salud,Privada,2017,26
Magdalena,Objeto Social Diferente a la Prestación de Servicios de Salud,Privada,2018,24
Magdalena,Objeto Social Diferente a la Prestación de Servicios de Salud,Privada,2019,24
Magdalena,Objeto Social Diferente a la Prestación de Servicios de Salud,Privada,2020,26
Magdalena,Objeto Social Diferente a la Prestación de Servicios de Salud,Pública,2017,3
Magdalena,Objeto Social Diferente a la Prestación de Servicios de Salud,Pública,2018,3
Magdalena,Objeto Social Diferente a la Prestación de Servicios de Salud,Pública,2019,3
Magdalena,Objeto Social Diferente a la Prestación de Servicios de Salud,Pública,2020,3
Magdalena,Profesional Independiente,Privada,2017,436
Magdalena,Profesional Independiente,Privada,2018,452
Magdalena,Profesional Independiente,Privada,2019,456
Magdalena,Profesional Independiente,Privada,2020,486
Magdalena,Transporte Especial de Pacientes,Privada,2017,6
Magdalena,Transporte Especial de Pacientes,Privada,2018,5
Magdalena,Transporte Especial de Pacientes,Privada,2019,5
Magdalena,Transporte Especial de Pacientes,Privada,2020,6
Meta,Instituciones - IPS,Privada,2017,237
Meta,Instituciones - IPS,Privada,2018,239
Meta,Instituciones - IPS,Privada,2019,250
Meta,Instituciones - IPS,Privada,2020,260
Meta,Instituciones - IPS,Pública,2017,15
Meta,Instituciones - IPS,Pública,2018,15
Meta,Instituciones - IPS,Pública,2019,15
Meta,Instituciones - IPS,Pública,2020,15
Meta,Objeto Social Diferente a la Prestación de Servicios de Salud,Mixta,2017,1
Meta,Objeto Social Diferente a la Prestación de Servicios de Salud,Mixta,2018,1
Meta,Objeto Social Diferente a la Prestación de Servicios de Salud,Mixta,2019,1
Meta,Objeto Social Diferente a la Prestación de Servicios de Salud,Mixta,2020,1
Meta,Objeto Social Diferente a la Prestación de Servicios de Salud,Privada,2017,44
Meta,Objeto Social Diferente a la Prestación de Servicios de Salud,Privada,2018,43
Meta,Objeto Social Diferente a la Prestación de Servicios de Salud,Privada,2019,38
Meta,Objeto Social Diferente a la Prestación de Servicios de Salud,Privada,2020,38
Meta,Objeto Social Diferente a la Prestación de Servicios de Salud,Pública,2017,1
Meta,Objeto Social Diferente a la Prestación de Servicios de Salud,Pública,2018,1
Meta,Objeto Social Diferente a la Prestación de Servicios de Salud,Pública,2019,2
Meta,Objeto Social Diferente a la Prestación de Servicios de Salud,Pública,2020,2
Meta,Profesional Independiente,Privada,2017,527
Meta,Profesional Independiente,Privada,2018,534
Meta,Profesional Independiente,Privada,2019,562
Meta,Profesional Independiente,Privada,2020,625
Meta,Transporte Especial de Pacientes,Privada,2017,18
Meta,Transporte Especial de Pacientes,Privada,2018,15
Meta,Transporte Especial de Pacientes,Privada,2019,13
Meta,Transporte Especial de Pacientes,Privada,2020,11
Meta,Transporte Especial de Pacientes,Pública,2017,1
Meta,Transporte Especial de Pacientes,Pública,2018,1
Meta,Transporte Especial de Pacientes,Pública,2019,1
Meta,Transporte Especial de Pacientes,Pública,2020,1
Nariño,Instituciones - IPS,Mixta,2017,2
Nariño,Instituciones - IPS,Mixta,2018,2
Nariño,Instituciones - IPS,Mixta,2019,3
Nariño,Instituciones - IPS,Mixta,2020,3
Nariño,Instituciones - IPS,Privada,2017,230
Nariño,Instituciones - IPS,Privada,2018,246
Nariño,Instituciones - IPS,Privada,2019,250
Nariño,Instituciones - IPS,Privada,2020,257
Nariño,Instituciones - IPS,Pública,2017,81
Nariño,Instituciones - IPS,Pública,2018,81
Nariño,Instituciones - IPS,Pública,2019,81
Nariño,Instituciones - IPS,Pública,2020,81
Nariño,Objeto Social Diferente a la Prestación de Servicios de Salud,Privada,2017,32
Nariño,Objeto Social Diferente a la Prestación de Servicios de Salud,Privada,2018,32
Nariño,Objeto Social Diferente a la Prestación de Servicios de Salud,Privada,2019,36
Nariño,Objeto Social Diferente a la Prestación de Servicios de Salud,Privada,2020,40
Nariño,Objeto Social Diferente a la Prestación de Servicios de Salud,Pública,2017,4
Nariño,Objeto Social Diferente a la Prestación de Servicios de Salud,Pública,2018,4
Nariño,Objeto Social Diferente a la Prestación de Servicios de Salud,Pública,2019,4
Nariño,Objeto Social Diferente a la Prestación de Servicios de Salud,Pública,2020,4
Nariño,Profesional Independiente,Privada,2017,863
Nariño,Profesional Independiente,Privada,2018,985
Nariño,Profesional Independiente,Privada,2019,1092
Nariño,Profesional Independiente,Privada,2020,1200
Nariño,Transporte Especial de Pacientes,Privada,2017,8
Nariño,Transporte Especial de Pacientes,Privada,2018,9
Nariño,Transporte Especial de Pacientes,Privada,2019,9
Nariño,Transporte Especial de Pacientes,Privada,2020,10
Norte de Santander,Instituciones - IPS,Privada,2017,258
Norte de Santander,Instituciones - IPS,Privada,2018,253
Norte de Santander,Instituciones - IPS,Privada,2019,259
Norte de Santander,Instituciones - IPS,Privada,2020,266
Norte de Santander,Instituciones - IPS,Pública,2017,17
Norte de Santander,Instituciones - IPS,Pública,2018,16
Norte de Santander,Instituciones - IPS,Pública,2019,16
Norte de Santander,Instituciones - IPS,Pública,2020,16
Norte de Santander,Objeto Social Diferente a la Prestación de Servicios de Salud,Privada,2017,28
Norte de Santander,Objeto Social Diferente a la Prestación de Servicios de Salud,Privada,2018,27
Norte de Santander,Objeto Social Diferente a la Prestación de Servicios de Salud,Privada,2019,30
Norte de Santander,Objeto Social Diferente a la Prestación de Servicios de Salud,Privada,2020,30
Norte de Santander,Objeto Social Diferente a la Prestación de Servicios de Salud,Pública,2017,4
Norte de Santander,Objeto Social Diferente a la Prestación de Servicios de Salud,Pública,2018,4
Norte de Santander,Objeto Social Diferente a la Prestación de Servicios de Salud,Pública,2019,4
Norte de Santander,Objeto Social Diferente a la Prestación de Servicios de Salud,Pública,2020,4
Norte de Santander,Profesional Independiente,Privada,2017,958
Norte de Santander,Profesional Independiente,Privada,2018,1042
Norte de Santander,Profesional Independiente,Privada,2019,1077
Norte de Santander,Profesional Independiente,Privada,2020,1154
Norte de Santander,Transporte Especial de Pacientes,Privada,2017,6
Norte de Santander,Transporte Especial de Pacientes,Privada,2018,7
Norte de Santander,Transporte Especial de Pacientes,Privada,2019,7
Norte de Santander,Transporte Especial de Pacientes,Privada,2020,7
Putumayo,Instituciones - IPS,Privada,2017,53
Putumayo,Instituciones - IPS,Privada,2018,58
Putumayo,Instituciones - IPS,Privada,2019,58
Putumayo,Instituciones - IPS,Privada,2020,59
Putumayo,Instituciones - IPS,Pública,2017,11
Putumayo,Instituciones - IPS,Pública,2018,11
Putumayo,Instituciones - IPS,Pública,2019,10
Putumayo,Instituciones - IPS,Pública,2020,10
Putumayo,Objeto Social Diferente a la Prestación de Servicios de Salud,Privada,2017,8
Putumayo,Objeto Social Diferente a la Prestación de Servicios de Salud,Privada,2018,9
Putumayo,Objeto Social Diferente a la Prestación de Servicios de Salud,Privada,2019,11
Putumayo,Objeto Social Diferente a la Prestación de Servicios de Salud,Privada,2020,11
Putumayo,Profesional Independiente,Privada,2017,108
Putumayo,Profesional Independiente,Privada,2018,121
Putumayo,Profesional Independiente,Privada,2019,129
Putumayo,Profesional Independiente,Privada,2020,139
Putumayo,Transporte Especial de Pacientes,Privada,2017,4
Putumayo,Transporte Especial de Pacientes,Privada,2018,5
Putumayo,Transporte Especial de Pacientes,Privada,2019,4
Putumayo,Transporte Especial de Pacientes,Privada,2020,8
Quindío,Instituciones - IPS,Privada,2017,144
Quindío,Instituciones - IPS,Privada,2018,134
Quindío,Instituciones - IPS,Privada,2019,136
Quindío,Instituciones - IPS,Privada,2020,145
Quindío,Instituciones - IPS,Pública,2017,14
Quindío,Instituciones - IPS,Pública,2018,14
Quindío,Instituciones - IPS,Pública,2019,14
Quindío,Instituciones - IPS,Pública,2020,14
Quindío,Objeto Social Diferente a la Prestación de Servicios de Salud,Mixta,2017,1
Quindío,Objeto Social Diferente a la Prestación de Servicios de Salud,Mixta,2018,1
Quindío,Objeto Social Diferente a la Prestación de Servicios de Salud,Mixta,2019,1
Quindío,Objeto Social Diferente a la Prestación de Servicios de Salud,Mixta,2020,1
Quindío,Objeto Social Diferente a la Prestación de Servicios de Salud,Privada,2017,28
Quindío,Objeto Social Diferente a la Prestación de Servicios de Salud,Privada,2018,28
Quindío,Objeto Social Diferente a la Prestación de Servicios de Salud,Privada,2019,24
Quindío,Objeto Social Diferente a la Prestación de Servicios de Salud,Privada,2020,25
Quindío,Objeto Social Diferente a la Prestación de Servicios de Salud,Pública,2017,2
Quindío,Objeto Social Diferente a la Prestación de Servicios de Salud,Pública,2018,2
Quindío,Objeto Social Diferente a la Prestación de Servicios de Salud,Pública,2019,2
Quindío,Objeto Social Diferente a la Prestación de Servicios de Salud,Pública,2020,3
Quindío,Profesional Independiente,Privada,2017,576
Quindío,Profesional Independiente,Privada,2018,587
Quindío,Profesional Independiente,Privada,2019,594
Quindío,Profesional Independiente,Privada,2020,632
Quindío,Transporte Especial de Pacientes,Privada,2017,7
Quindío,Transporte Especial de Pacientes,Privada,2018,8
Quindío,Transporte Especial de Pacientes,Privada,2019,8
Quindío,Transporte Especial de Pacientes,Privada,2020,8
Quindío,Transporte Especial de Pacientes,Pública,2018,1
Quindío,Transporte Especial de Pacientes,Pública,2019,1
Quindío,Transporte Especial de Pacientes,Pública,2020,1
Risaralda,Instituciones - IPS,Mixta,2017,1
Risaralda,Instituciones - IPS,Privada,2017,207
Risaralda,Instituciones - IPS,Privada,2018,207
Risaralda,Instituciones - IPS,Privada,2019,214
Risaralda,Instituciones - IPS,Privada,2020,224
Risaralda,Instituciones - IPS,Pública,2017,16
Risaralda,Instituciones - IPS,Pública,2018,16
Risaralda,Instituciones - IPS,Pública,2019,16
Risaralda,Instituciones - IPS,Pública,2020,16
Risaralda,Objeto Social Diferente a la Prestación de Servicios de Salud,Mixta,2017,1
Risaralda,Objeto Social Diferente a la Prestación de Servicios de Salud,Mixta,2018,1
Risaralda,Objeto Social Diferente a la Prestación de Servicios de Salud,Mixta,2019,1
Risaralda,Objeto Social Diferente a la Prestación de Servicios de Salud,Mixta,2020,1
Risaralda,Objeto Social Diferente a la Prestación de Servicios de Salud,Privada,2017,37
Risaralda,Objeto Social Diferente a la Prestación de Servicios de Salud,Privada,2018,38
Risaralda,Objeto Social Diferente a la Prestación de Servicios de Salud,Privada,2019,35
Risaralda,Objeto Social Diferente a la Prestación de Servicios de Salud,Privada,2020,38
Risaralda,Objeto Social Diferente a la Prestación de Servicios de Salud,Pública,2017,3
Risaralda,Objeto Social Diferente a la Prestación de Servicios de Salud,Pública,2018,3
Risaralda,Objeto Social Diferente a la Prestación de Servicios de Salud,Pública,2019,3
Risaralda,Objeto Social Diferente a la Prestación de Servicios de Salud,Pública,2020,3
Risaralda,Profesional Independiente,Privada,2017,968
Risaralda,Profesional Independiente,Privada,2018,1067
Risaralda,Profesional Independiente,Privada,2019,1106
Risaralda,Profesional Independiente,Privada,2020,1207
Risaralda,Transporte Especial de Pacientes,Privada,2017,4
Risaralda,Transporte Especial de Pacientes,Privada,2018,5
Risaralda,Transporte Especial de Pacientes,Privada,2019,5
Risaralda,Transporte Especial de Pacientes,Privada,2020,5
San Andrés y Providencia,Instituciones - IPS,Privada,2017,14
San Andrés y Providencia,Instituciones - IPS,Privada,2018,15
San Andrés y Providencia,Instituciones - IPS,Privada,2019,18
San Andrés y Providencia,Instituciones - IPS,Privada,2020,19
San Andrés y Providencia,Objeto Social Diferente a la Prestación de Servicios de Salud,Privada,2017,3
San Andrés y Providencia,Objeto Social Diferente a la Prestación de Servicios de Salud,Privada,2018,4
San Andrés y Providencia,Objeto Social Diferente a la Prestación de Servicios de Salud,Privada,2019,3
San Andrés y Providencia,Objeto Social Diferente a la Prestación de Servicios de Salud,Privada,2020,3
San Andrés y Providencia,Objeto Social Diferente a la Prestación de Servicios de Salud,Pública,2017,1
San Andrés y Providencia,Objeto Social Diferente a la Prestación de Servicios de Salud,Pública,2018,1
San Andrés y Providencia,Objeto Social Diferente a la Prestación de Servicios de Salud,Pública,2019,1
San Andrés y Providencia,Objeto Social Diferente a la Prestación de Servicios de Salud,Pública,2020,2
San Andrés y Providencia,Profesional Independiente,Privada,2017,61
San Andrés y Providencia,Profesional Independiente,Privada,2018,62
San Andrés y Providencia,Profesional Independiente,Privada,2019,68
San Andrés y Providencia,Profesional Independiente,Privada,2020,72
San Andrés y Providencia,Transporte Especial de Pacientes,Privada,2017,1
San Andrés y Providencia,Transporte Especial de Pacientes,Privada,2018,1
San Andrés y Providencia,Transporte Especial de Pacientes,Privada,2019,1
Santander,Instituciones - IPS,Mixta,2017,1
Santander,Instituciones - IPS,Mixta,2018,1
Santander,Instituciones - IPS,Privada,2017,564
Santander,Instituciones - IPS,Privada,2018,554
Santander,Instituciones - IPS,Privada,2019,574
Santander,Instituciones - IPS,Privada,2020,597
Santander,Instituciones - IPS,Pública,2017,84
Santander,Instituciones - IPS,Pública,2018,84
Santander,Instituciones - IPS,Pública,2019,83
Santander,Instituciones - IPS,Pública,2020,83
Santander,Objeto Social Diferente a la Prestación de Servicios de Salud,Mixta,2017,1
Santander,Objeto Social Diferente a la Prestación de Servicios de Salud,Mixta,2018,1
Santander,Objeto Social Diferente a la Prestación de Servicios de Salud,Mixta,2019,1
Santander,Objeto Social Diferente a la Prestación de Servicios de Salud,Mixta,2020,1
Santander,Objeto Social Diferente a la Prestación de Servicios de Salud,Privada,2017,275
Santander,Objeto Social Diferente a la Prestación de Servicios de Salud,Privada,2018,258
Santander,Objeto Social Diferente a la Prestación de Servicios de Salud,Privada,2019,198
Santander,Objeto Social Diferente a la Prestación de Servicios de Salud,Privada,2020,200
Santander,Objeto Social Diferente a la Prestación de Servicios de Salud,Pública,2017,6
Santander,Objeto Social Diferente a la Prestación de Servicios de Salud,Pública,2018,5
Santander,Objeto Social Diferente a la Prestación de Servicios de Salud,Pública,2019,4
Santander,Objeto Social Diferente a la Prestación de Servicios de Salud,Pública,2020,4
Santander,Profesional Independiente,Privada,2017,1314
Santander,Profesional Independiente,Privada,2018,1383
Santander,Profesional Independiente,Privada,2019,1449
Santander,Profesional Independiente,Privada,2020,1548
Santander,Transporte Especial de Pacientes,Privada,2017,13
Santander,Transporte Especial de Pacientes,Privada,2018,16
Santander,Transporte Especial de Pacientes,Privada,2019,16
Santander,Transporte Especial de Pacientes,Privada,2020,15
Sucre,Instituciones - IPS,Mixta,2017,1
Sucre,Instituciones - IPS,Mixta,2018,1
Sucre,Instituciones - IPS,Mixta,2019,1
Sucre,Instituciones - IPS,Mixta,2020,1
Sucre,Instituciones - IPS,Privada,2017,276
Sucre,Instituciones - IPS,Privada,2018,283
Sucre,Instituciones - IPS,Privada,2019,278
Sucre,Instituciones - IPS,Privada,2020,292
Sucre,Instituciones - IPS,Pública,2017,29
Sucre,Instituciones - IPS,Pública,2018,29
Sucre,Instituciones - IPS,Pública,2019,29
Sucre,Instituciones - IPS,Pública,2020,29
Sucre,Objeto Social Diferente a la Prestación de Servicios de Salud,Privada,2017,34
Sucre,Objeto Social Diferente a la Prestación de Servicios de Salud,Privada,2018,33
Sucre,Objeto Social Diferente a la Prestación de Servicios de Salud,Privada,2019,31
Sucre,Objeto Social Diferente a la Prestación de Servicios de Salud,Privada,2020,31
Sucre,Objeto Social Diferente a la Prestación de Servicios de Salud,Pública,2017,5
Sucre,Objeto Social Diferente a la Prestación de Servicios de Salud,Pública,2018,5
Sucre,Objeto Social Diferente a la Prestación de Servicios de Salud,Pública,2019,5
Sucre,Objeto Social Diferente a la Prestación de Servicios de Salud,Pública,2020,5
Sucre,Profesional Independiente,Privada,2017,409
Sucre,Profesional Independiente,Privada,2018,442
Sucre,Profesional Independiente,Privada,2019,432
Sucre,Profesional Independiente,Privada,2020,439
Sucre,Transporte Especial de Pacientes,Privada,2017,9
Sucre,Transporte Especial de Pacientes,Privada,2018,7
Sucre,Transporte Especial de Pacientes,Privada,2019,6
Sucre,Transporte Especial de Pacientes,Privada,2020,6
Tolima,Instituciones - IPS,Mixta,2017,2
Tolima,Instituciones - IPS,Mixta,2018,2
Tolima,Instituciones - IPS,Mixta,2019,1
Tolima,Instituciones - IPS,Mixta,2020,1
Tolima,Instituciones - IPS,Privada,2017,291
Tolima,Instituciones - IPS,Privada,2018,300
Tolima,Instituciones - IPS,Privada,2019,310
Tolima,Instituciones - IPS,Privada,2020,321
Tolima,Instituciones - IPS,Pública,2017,52
Tolima,Instituciones - IPS,Pública,2018,51
Tolima,Instituciones - IPS,Pública,2019,51
Tolima,Instituciones - IPS,Pública,2020,51
Tolima,Objeto Social Diferente a la Prestación de Servicios de Salud,Privada,2017,48
Tolima,Objeto Social Diferente a la Prestación de Servicios de Salud,Privada,2018,45
Tolima,Objeto Social Diferente a la Prestación de Servicios de Salud,Privada,2019,45
Tolima,Objeto Social Diferente a la Prestación de Servicios de Salud,Privada,2020,47
Tolima,Objeto Social Diferente a la Prestación de Servicios de Salud,Pública,2017,4
Tolima,Objeto Social Diferente a la Prestación de Servicios de Salud,Pública,2018,5
Tolima,Objeto Social Diferente a la Prestación de Servicios de Salud,Pública,2019,6
Tolima,Objeto Social Diferente a la Prestación de Servicios de Salud,Pública,2020,6
Tolima,Profesional Independiente,Privada,2017,662
Tolima,Profesional Independiente,Privada,2018,771
Tolima,Profesional Independiente,Privada,2019,792
Tolima,Profesional Independiente,Privada,2020,840
Tolima,Transporte Especial de Pacientes,Privada,2017,10
Tolima,Transporte Especial de Pacientes,Privada,2018,12
Tolima,Transporte Especial de Pacientes,Privada,2019,11
Tolima,Transporte Especial de Pacientes,Privada,2020,12
Valle del cauca,Instituciones - IPS,Mixta,2017,1
Valle del cauca,Instituciones - IPS,Mixta,2018,1
Valle del cauca,Instituciones - IPS,Mixta,2019,1
Valle del cauca,Instituciones - IPS,Mixta,2020,1
Valle del cauca,Instituciones - IPS,Privada,2017,886
Valle del cauca,Instituciones - IPS,Privada,2018,864
Valle del cauca,Instituciones - IPS,Privada,2019,859
Valle del cauca,Instituciones - IPS,Privada,2020,860
Valle del cauca,Instituciones - IPS,Pública,2017,55
Valle del cauca,Instituciones - IPS,Pública,2018,54
Valle del cauca,Instituciones - IPS,Pública,2019,54
Valle del cauca,Instituciones - IPS,Pública,2020,54
Valle del cauca,Objeto Social Diferente a la Prestación de Servicios de Salud,Mixta,2017,2
Valle del cauca,Objeto Social Diferente a la Prestación de Servicios de Salud,Mixta,2018,2
Valle del cauca,Objeto Social Diferente a la Prestación de Servicios de Salud,Mixta,2019,1
Valle del cauca,Objeto Social Diferente a la Prestación de Servicios de Salud,Mixta,2020,1
Valle del cauca,Objeto Social Diferente a la Prestación de Servicios de Salud,Privada,2017,187
Cundinamarca,Profesional Independiente,Privada,2022,2330
Valle del cauca,Objeto Social Diferente a la Prestación de Servicios de Salud,Privada,2018,172
Valle del cauca,Objeto Social Diferente a la Prestación de Servicios de Salud,Privada,2019,169
Valle del cauca,Objeto Social Diferente a la Prestación de Servicios de Salud,Privada,2020,175
Valle del cauca,Objeto Social Diferente a la Prestación de Servicios de Salud,Pública,2017,5
Valle del cauca,Objeto Social Diferente a la Prestación de Servicios de Salud,Pública,2018,5
Valle del cauca,Objeto Social Diferente a la Prestación de Servicios de Salud,Pública,2019,6
Valle del cauca,Objeto Social Diferente a la Prestación de Servicios de Salud,Pública,2020,6
Valle del cauca,Profesional Independiente,Privada,2017,3905
Valle del cauca,Profesional Independiente,Privada,2018,4174
Valle del cauca,Profesional Independiente,Privada,2019,4348
Valle del cauca,Profesional Independiente,Privada,2020,4536
Valle del cauca,Transporte Especial de Pacientes,Privada,2017,77
Valle del cauca,Transporte Especial de Pacientes,Privada,2018,83
Valle del cauca,Transporte Especial de Pacientes,Privada,2019,82
Valle del cauca,Transporte Especial de Pacientes,Privada,2020,88
Valle del cauca,Transporte Especial de Pacientes,Pública,2017,1
Valle del cauca,Transporte Especial de Pacientes,Pública,2018,1
Valle del cauca,Transporte Especial de Pacientes,Pública,2019,1
Valle del cauca,Transporte Especial de Pacientes,Pública,2020,1
Vaupés,Instituciones - IPS,Privada,2017,1
Vaupés,Instituciones - IPS,Privada,2018,1
Vaupés,Instituciones - IPS,Privada,2019,1
Vaupés,Instituciones - IPS,Privada,2020,1
Vaupés,Instituciones - IPS,Pública,2017,1
Vaupés,Instituciones - IPS,Pública,2018,1
Vaupés,Instituciones - IPS,Pública,2019,2
Vaupés,Instituciones - IPS,Pública,2020,2
Vaupés,Objeto Social Diferente a la Prestación de Servicios de Salud,Privada,2017,1
Vaupés,Objeto Social Diferente a la Prestación de Servicios de Salud,Privada,2018,2
Vaupés,Objeto Social Diferente a la Prestación de Servicios de Salud,Privada,2019,2
Vaupés,Objeto Social Diferente a la Prestación de Servicios de Salud,Privada,2020,1
Vaupés,Profesional Independiente,Privada,2017,4
Vaupés,Profesional Independiente,Privada,2018,4
Vaupés,Profesional Independiente,Privada,2019,1
Vaupés,Profesional Independiente,Privada,2020,1
Vaupés,Transporte Especial de Pacientes,Privada,2019,1
Vaupés,Transporte Especial de Pacientes,Privada,2020,1
Vichada,Instituciones - IPS,Privada,2017,7
Vichada,Instituciones - IPS,Privada,2018,8
Vichada,Instituciones - IPS,Privada,2019,7
Vichada,Instituciones - IPS,Privada,2020,8
Vichada,Instituciones - IPS,Pública,2017,3
Vichada,Instituciones - IPS,Pública,2018,2
Vichada,Instituciones - IPS,Pública,2019,2
Vichada,Instituciones - IPS,Pública,2020,2
Vichada,Profesional Independiente,Privada,2017,12
Vichada,Profesional Independiente,Privada,2018,11
Vichada,Profesional Independiente,Privada,2019,12
Vichada,Profesional Independiente,Privada,2020,14
Amazonas,Instituciones Prestadoras de Servicios de Salud - IPS,Privada,2022,14
Amazonas,Instituciones Prestadoras de Servicios de Salud - IPS,Pública,2022,2
Amazonas,Objeto Social Diferente a la Prestación de Servicios de Salud,Privada,2022,2
Amazonas,Objeto Social Diferente a la Prestación de Servicios de Salud,Pública,2022,1
Amazonas,Profesional Independiente,Privada,2022,55
Antioquia,Instituciones Prestadoras de Servicios de Salud - IPS,Mixta,2022,4
Antioquia,Instituciones Prestadoras de Servicios de Salud - IPS,Privada,2022,878
Antioquia,Instituciones Prestadoras de Servicios de Salud - IPS,Pública,2022,125
Antioquia,Objeto Social Diferente a la Prestación de Servicios de Salud,Mixta,2022,3
Antioquia,Objeto Social Diferente a la Prestación de Servicios de Salud,Privada,2022,396
Antioquia,Objeto Social Diferente a la Prestación de Servicios de Salud,Pública,2022,10
Antioquia,Profesional Independiente,Privada,2022,10731
Antioquia,Transporte Especial de Pacientes,Privada,2022,36
Arauca,Instituciones Prestadoras de Servicios de Salud - IPS,Mixta,2022,1
Arauca,Instituciones Prestadoras de Servicios de Salud - IPS,Privada,2022,52
Arauca,Instituciones Prestadoras de Servicios de Salud - IPS,Pública,2022,5
Arauca,Objeto Social Diferente a la Prestación de Servicios de Salud,Privada,2022,7
Arauca,Objeto Social Diferente a la Prestación de Servicios de Salud,Pública,2022,1
Arauca,Profesional Independiente,Privada,2022,155
Arauca,Transporte Especial de Pacientes,Privada,2022,2
Atlántico,Instituciones Prestadoras de Servicios de Salud - IPS,Mixta,2022,1
Atlántico,Instituciones Prestadoras de Servicios de Salud - IPS,Privada,2022,254
Atlántico,Instituciones Prestadoras de Servicios de Salud - IPS,Pública,2022,24
Atlántico,Objeto Social Diferente a la Prestación de Servicios de Salud,Privada,2022,10
Atlántico,Objeto Social Diferente a la Prestación de Servicios de Salud,Pública,2022,1
Atlántico,Profesional Independiente,Privada,2022,408
Atlántico,Transporte Especial de Pacientes,Privada,2022,9
Atlántico,Transporte Especial de Pacientes,Pública,2022,1
Barranquilla,Instituciones Prestadoras de Servicios de Salud - IPS,Mixta,2022,1
Barranquilla,Instituciones Prestadoras de Servicios de Salud - IPS,Privada,2022,567
Barranquilla,Instituciones Prestadoras de Servicios de Salud - IPS,Pública,2022,1
Barranquilla,Objeto Social Diferente a la Prestación de Servicios de Salud,Privada,2022,23
Barranquilla,Objeto Social Diferente a la Prestación de Servicios de Salud,Pública,2022,2
Barranquilla,Profesional Independiente,Privada,2022,1464
Barranquilla,Transporte Especial de Pacientes,Privada,2022,10
Barranquilla,Transporte Especial de Pacientes,Pública,2022,1
Bogotá D.C,Instituciones Prestadoras de Servicios de Salud - IPS,Mixta,2022,1
Bogotá D.C,Instituciones Prestadoras de Servicios de Salud - IPS,Privada,2022,1640
Bogotá D.C,Instituciones Prestadoras de Servicios de Salud - IPS,Pública,2022,9
Bogotá D.C,Objeto Social Diferente a la Prestación de Servicios de Salud,Mixta,2022,3
Bogotá D.C,Objeto Social Diferente a la Prestación de Servicios de Salud,Privada,2022,282
Bogotá D.C,Objeto Social Diferente a la Prestación de Servicios de Salud,Pública,2022,18
Bogotá D.C,Profesional Independiente,Privada,2022,14061
Bogotá D.C,Transporte Especial de Pacientes,Privada,2022,31
Bolívar,Instituciones Prestadoras de Servicios de Salud - IPS,Privada,2022,141
Bolívar,Instituciones Prestadoras de Servicios de Salud - IPS,Pública,2022,40
Bolívar,Objeto Social Diferente a la Prestación de Servicios de Salud,Privada,2022,14
Bolívar,Profesional Independiente,Privada,2022,256
Bolívar,Transporte Especial de Pacientes,Privada,2022,4
Boyacá,Instituciones Prestadoras de Servicios de Salud - IPS,Privada,2022,267
Boyacá,Instituciones Prestadoras de Servicios de Salud - IPS,Pública,2022,105
Boyacá,Objeto Social Diferente a la Prestación de Servicios de Salud,Privada,2022,49
Boyacá,Objeto Social Diferente a la Prestación de Servicios de Salud,Pública,2022,2
Boyacá,Profesional Independiente,Privada,2022,1329
Boyacá,Transporte Especial de Pacientes,Privada,2022,7
Buenaventura,Instituciones Prestadoras de Servicios de Salud - IPS,Privada,2022,67
Buenaventura,Instituciones Prestadoras de Servicios de Salud - IPS,Pública,2022,2
Buenaventura,Objeto Social Diferente a la Prestación de Servicios de Salud,Privada,2022,12
Buenaventura,Objeto Social Diferente a la Prestación de Servicios de Salud,Pública,2022,2
Buenaventura,Profesional Independiente,Privada,2022,109
Buenaventura,Transporte Especial de Pacientes,Privada,2022,4
Caldas,Instituciones Prestadoras de Servicios de Salud - IPS,Mixta,2022,1
Caldas,Instituciones Prestadoras de Servicios de Salud - IPS,Privada,2022,202
Caldas,Instituciones Prestadoras de Servicios de Salud - IPS,Pública,2022,31
Caldas,Objeto Social Diferente a la Prestación de Servicios de Salud,Mixta,2022,1
Caldas,Objeto Social Diferente a la Prestación de Servicios de Salud,Privada,2022,29
Caldas,Objeto Social Diferente a la Prestación de Servicios de Salud,Pública,2022,5
Caldas,Profesional Independiente,Privada,2022,1325
Caldas,Transporte Especial de Pacientes,Privada,2022,14
Cali,Instituciones Prestadoras de Servicios de Salud - IPS,Mixta,2022,1
Cali,Instituciones Prestadoras de Servicios de Salud - IPS,Privada,2022,605
Cali,Instituciones Prestadoras de Servicios de Salud - IPS,Pública,2022,11
Cali,Objeto Social Diferente a la Prestación de Servicios de Salud,Privada,2022,95
Cali,Objeto Social Diferente a la Prestación de Servicios de Salud,Pública,2022,2
Cali,Profesional Independiente,Privada,2022,3658
Cali,Transporte Especial de Pacientes,Privada,2022,55
Caquetá,Instituciones Prestadoras de Servicios de Salud - IPS,Privada,2022,64
Caquetá,Instituciones Prestadoras de Servicios de Salud - IPS,Pública,2022,6
Caquetá,Objeto Social Diferente a la Prestación de Servicios de Salud,Privada,2022,7
Caquetá,Objeto Social Diferente a la Prestación de Servicios de Salud,Pública,2022,2
Caquetá,Profesional Independiente,Privada,2022,163
Caquetá,Transporte Especial de Pacientes,Privada,2022,8
Cartagena,Instituciones Prestadoras de Servicios de Salud - IPS,Privada,2022,414
Cartagena,Instituciones Prestadoras de Servicios de Salud - IPS,Pública,2022,3
Cartagena,Objeto Social Diferente a la Prestación de Servicios de Salud,Mixta,2022,2
Cartagena,Objeto Social Diferente a la Prestación de Servicios de Salud,Privada,2022,36
Cartagena,Objeto Social Diferente a la Prestación de Servicios de Salud,Pública,2022,5
Cartagena,Profesional Independiente,Privada,2022,1005
Cartagena,Transporte Especial de Pacientes,Privada,2022,10
Casanare,Instituciones Prestadoras de Servicios de Salud - IPS,Mixta,2022,1
Casanare,Instituciones Prestadoras de Servicios de Salud - IPS,Privada,2022,129
Casanare,Instituciones Prestadoras de Servicios de Salud - IPS,Pública,2022,6
Casanare,Objeto Social Diferente a la Prestación de Servicios de Salud,Privada,2022,11
Casanare,Objeto Social Diferente a la Prestación de Servicios de Salud,Pública,2022,2
Casanare,Profesional Independiente,Privada,2022,326
Casanare,Transporte Especial de Pacientes,Mixta,2022,1
Casanare,Transporte Especial de Pacientes,Privada,2022,15
Cauca,Instituciones Prestadoras de Servicios de Salud - IPS,Privada,2022,241
Cauca,Instituciones Prestadoras de Servicios de Salud - IPS,Pública,2022,29
Cauca,Objeto Social Diferente a la Prestación de Servicios de Salud,Privada,2022,42
Cauca,Objeto Social Diferente a la Prestación de Servicios de Salud,Pública,2022,3
Cauca,Profesional Independiente,Privada,2022,700
Cauca,Transporte Especial de Pacientes,Privada,2022,20
Cauca,Transporte Especial de Pacientes,Pública,2022,1
Cesar,Instituciones Prestadoras de Servicios de Salud - IPS,Privada,2022,394
Cesar,Instituciones Prestadoras de Servicios de Salud - IPS,Pública,2022,28
Cesar,Objeto Social Diferente a la Prestación de Servicios de Salud,Privada,2022,35
Cesar,Objeto Social Diferente a la Prestación de Servicios de Salud,Pública,2022,2
Cesar,Profesional Independiente,Privada,2022,570
Cesar,Transporte Especial de Pacientes,Privada,2022,15
Cesar,Transporte Especial de Pacientes,Pública,2022,1
Chocó,Instituciones Prestadoras de Servicios de Salud - IPS,Mixta,2022,2
Chocó,Instituciones Prestadoras de Servicios de Salud - IPS,Privada,2022,160
Chocó,Instituciones Prestadoras de Servicios de Salud - IPS,Pública,2022,6
Chocó,Objeto Social Diferente a la Prestación de Servicios de Salud,Privada,2022,52
Chocó,Objeto Social Diferente a la Prestación de Servicios de Salud,Pública,2022,2
Chocó,Profesional Independiente,Privada,2022,93
Chocó,Transporte Especial de Pacientes,Privada,2022,2
Córdoba,Instituciones Prestadoras de Servicios de Salud - IPS,Privada,2022,439
Córdoba,Instituciones Prestadoras de Servicios de Salud - IPS,Pública,2022,32
Córdoba,Objeto Social Diferente a la Prestación de Servicios de Salud,Privada,2022,26
Córdoba,Objeto Social Diferente a la Prestación de Servicios de Salud,Pública,2022,2
Córdoba,Profesional Independiente,Privada,2022,602
Córdoba,Transporte Especial de Pacientes,Privada,2022,4
Cundinamarca,Instituciones Prestadoras de Servicios de Salud - IPS,Privada,2022,415
Cundinamarca,Instituciones Prestadoras de Servicios de Salud - IPS,Pública,2022,53
Cundinamarca,Objeto Social Diferente a la Prestación de Servicios de Salud,Mixta,2022,3
Cundinamarca,Objeto Social Diferente a la Prestación de Servicios de Salud,Privada,2022,116
Cundinamarca,Objeto Social Diferente a la Prestación de Servicios de Salud,Pública,2022,2
Cundinamarca,Transporte Especial de Pacientes,Privada,2022,17
Guainía,Instituciones Prestadoras de Servicios de Salud - IPS,Privada,2022,7
Guainía,Profesional Independiente,Privada,2022,4
Guaviare,Instituciones Prestadoras de Servicios de Salud - IPS,Privada,2022,16
Guaviare,Instituciones Prestadoras de Servicios de Salud - IPS,Pública,2022,2
Guaviare,Objeto Social Diferente a la Prestación de Servicios de Salud,Privada,2022,3
Guaviare,Profesional Independiente,Privada,2022,44
Guaviare,Transporte Especial de Pacientes,Privada,2022,1
Huila,Instituciones Prestadoras de Servicios de Salud - IPS,Privada,2022,206
Huila,Instituciones Prestadoras de Servicios de Salud - IPS,Pública,2022,41
Huila,Objeto Social Diferente a la Prestación de Servicios de Salud,Mixta,2022,2
Huila,Objeto Social Diferente a la Prestación de Servicios de Salud,Privada,2022,29
Huila,Profesional Independiente,Privada,2022,923
Huila,Transporte Especial de Pacientes,Privada,2022,21
Huila,Transporte Especial de Pacientes,Pública,2022,1
La Guajira,Instituciones Prestadoras de Servicios de Salud - IPS,Privada,2022,173
La Guajira,Instituciones Prestadoras de Servicios de Salud - IPS,Pública,2022,44
La Guajira,Objeto Social Diferente a la Prestación de Servicios de Salud,Mixta,2022,1
La Guajira,Objeto Social Diferente a la Prestación de Servicios de Salud,Privada,2022,18
La Guajira,Objeto Social Diferente a la Prestación de Servicios de Salud,Pública,2022,2
La Guajira,Profesional Independiente,Privada,2022,226
La Guajira,Transporte Especial de Pacientes,Privada,2022,10
Magdalena,Instituciones Prestadoras de Servicios de Salud - IPS,Privada,2022,124
Magdalena,Instituciones Prestadoras de Servicios de Salud - IPS,Pública,2022,33
Magdalena,Objeto Social Diferente a la Prestación de Servicios de Salud,Privada,2022,10
Magdalena,Profesional Independiente,Privada,2022,109
Magdalena,Transporte Especial de Pacientes,Privada,2022,3
Meta,Instituciones Prestadoras de Servicios de Salud - IPS,Privada,2022,287
Meta,Instituciones Prestadoras de Servicios de Salud - IPS,Pública,2022,15
Meta,Objeto Social Diferente a la Prestación de Servicios de Salud,Mixta,2022,1
Meta,Objeto Social Diferente a la Prestación de Servicios de Salud,Privada,2022,37
Meta,Objeto Social Diferente a la Prestación de Servicios de Salud,Pública,2022,2
Meta,Profesional Independiente,Privada,2022,680
Meta,Transporte Especial de Pacientes,Privada,2022,10
Meta,Transporte Especial de Pacientes,Pública,2022,1
Nariño,Instituciones Prestadoras de Servicios de Salud - IPS,Mixta,2022,3
Nariño,Instituciones Prestadoras de Servicios de Salud - IPS,Privada,2022,278
Nariño,Instituciones Prestadoras de Servicios de Salud - IPS,Pública,2022,81
Nariño,Objeto Social Diferente a la Prestación de Servicios de Salud,Privada,2022,45
Nariño,Objeto Social Diferente a la Prestación de Servicios de Salud,Pública,2022,4
Nariño,Profesional Independiente,Privada,2022,1455
Nariño,Transporte Especial de Pacientes,Privada,2022,11
Norte de Santander,Instituciones Prestadoras de Servicios de Salud - IPS,Privada,2022,288
Norte de Santander,Instituciones Prestadoras de Servicios de Salud - IPS,Pública,2022,16
Norte de Santander,Objeto Social Diferente a la Prestación de Servicios de Salud,Privada,2022,38
Norte de Santander,Objeto Social Diferente a la Prestación de Servicios de Salud,Pública,2022,4
Norte de Santander,Profesional Independiente,Privada,2022,1368
Norte de Santander,Transporte Especial de Pacientes,Privada,2022,8
Putumayo,Instituciones Prestadoras de Servicios de Salud - IPS,Privada,2022,63
Putumayo,Instituciones Prestadoras de Servicios de Salud - IPS,Pública,2022,10
Putumayo,Objeto Social Diferente a la Prestación de Servicios de Salud,Privada,2022,13
Putumayo,Profesional Independiente,Privada,2022,174
Putumayo,Transporte Especial de Pacientes,Privada,2022,9
Quindío,Instituciones Prestadoras de Servicios de Salud - IPS,Privada,2022,166
Quindío,Instituciones Prestadoras de Servicios de Salud - IPS,Pública,2022,14
Quindío,Objeto Social Diferente a la Prestación de Servicios de Salud,Mixta,2022,1
Quindío,Objeto Social Diferente a la Prestación de Servicios de Salud,Privada,2022,27
Quindío,Objeto Social Diferente a la Prestación de Servicios de Salud,Pública,2022,3
Quindío,Profesional Independiente,Privada,2022,762
Quindío,Transporte Especial de Pacientes,Privada,2022,12
Quindío,Transporte Especial de Pacientes,Pública,2022,1
Risaralda,Instituciones Prestadoras de Servicios de Salud - IPS,Privada,2022,227
Risaralda,Instituciones Prestadoras de Servicios de Salud - IPS,Pública,2022,16
Risaralda,Objeto Social Diferente a la Prestación de Servicios de Salud,Mixta,2022,1
Risaralda,Objeto Social Diferente a la Prestación de Servicios de Salud,Privada,2022,39
Risaralda,Objeto Social Diferente a la Prestación de Servicios de Salud,Pública,2022,3
Risaralda,Profesional Independiente,Privada,2022,1310
Risaralda,Transporte Especial de Pacientes,Privada,2022,8
San Andrés y Providencia,Instituciones Prestadoras de Servicios de Salud - IPS,Privada,2022,20
San Andrés y Providencia,Instituciones Prestadoras de Servicios de Salud - IPS,Pública,2022,1
San Andrés y Providencia,Objeto Social Diferente a la Prestación de Servicios de Salud,Privada,2022,3
San Andrés y Providencia,Objeto Social Diferente a la Prestación de Servicios de Salud,Pública,2022,2
San Andrés y Providencia,Profesional Independiente,Privada,2022,76
Santa Marta,Instituciones Prestadoras de Servicios de Salud - IPS,Privada,2022,271
Santa Marta,Instituciones Prestadoras de Servicios de Salud - IPS,Pública,2022,4
Santa Marta,Objeto Social Diferente a la Prestación de Servicios de Salud,Privada,2022,20
Santa Marta,Objeto Social Diferente a la Prestación de Servicios de Salud,Pública,2022,3
Santa Marta,Profesional Independiente,Privada,2022,443
Santa Marta,Transporte Especial de Pacientes,Privada,2022,7
Santander,Instituciones Prestadoras de Servicios de Salud - IPS,Privada,2022,627
Santander,Instituciones Prestadoras de Servicios de Salud - IPS,Pública,2022,83
Santander,Objeto Social Diferente a la Prestación de Servicios de Salud,Privada,2022,115
Santander,Objeto Social Diferente a la Prestación de Servicios de Salud,Pública,2022,4
Santander,Profesional Independiente,Privada,2022,1861
Santander,Transporte Especial de Pacientes,Privada,2022,17
Sucre,Instituciones Prestadoras de Servicios de Salud - IPS,Mixta,2022,1
Sucre,Instituciones Prestadoras de Servicios de Salud - IPS,Privada,2022,309
Sucre,Instituciones Prestadoras de Servicios de Salud - IPS,Pública,2022,29
Sucre,Objeto Social Diferente a la Prestación de Servicios de Salud,Privada,2022,32
Sucre,Objeto Social Diferente a la Prestación de Servicios de Salud,Pública,2022,5
Sucre,Profesional Independiente,Privada,2022,485
Sucre,Transporte Especial de Pacientes,Privada,2022,8
Tolima,Instituciones Prestadoras de Servicios de Salud - IPS,Mixta,2022,1
Tolima,Instituciones Prestadoras de Servicios de Salud - IPS,Privada,2022,336
Tolima,Instituciones Prestadoras de Servicios de Salud - IPS,Pública,2022,51
Tolima,Objeto Social Diferente a la Prestación de Servicios de Salud,Privada,2022,47
Tolima,Objeto Social Diferente a la Prestación de Servicios de Salud,Pública,2022,6
Tolima,Profesional Independiente,Privada,2022,981
Tolima,Transporte Especial de Pacientes,Privada,2022,14
Valle del cauca,Instituciones Prestadoras de Servicios de Salud - IPS,Privada,2022,289
Valle del cauca,Instituciones Prestadoras de Servicios de Salud - IPS,Pública,2022,41
Valle del cauca,Objeto Social Diferente a la Prestación de Servicios de Salud,Mixta,2022,1
Valle del cauca,Objeto Social Diferente a la Prestación de Servicios de Salud,Privada,2022,85
Valle del cauca,Objeto Social Diferente a la Prestación de Servicios de Salud,Pública,2022,3
Valle del cauca,Profesional Independiente,Privada,2022,1562
Valle del cauca,Transporte Especial de Pacientes,Privada,2022,32
Valle del cauca,Transporte Especial de Pacientes,Pública,2022,1
Vaupés,Instituciones Prestadoras de Servicios de Salud - IPS,Privada,2022,1
Vaupés,Instituciones Prestadoras de Servicios de Salud - IPS,Pública,2022,2
Vaupés,Objeto Social Diferente a la Prestación de Servicios de Salud,Privada,2022,2
Vaupés,Profesional Independiente,Privada,2022,2
Vaupés,Transporte Especial de Pacientes,Privada,2022,2
Vichada,Instituciones Prestadoras de Servicios de Salud - IPS,Privada,2022,8
Vichada,Instituciones Prestadoras de Servicios de Salud - IPS,Pública,2022,1
Vichada,Profesional Independiente,Privada,2022,24
